index,label
0,tile-glue_strip
1,grid-good
2,transistor-misplaced
3,tile-crack
4,tile-good
5,pill-crack
6,capsule-squeeze
7,hazelnut-cut
8,leather-glue
9,leather-glue
10,bottle-broken_large
11,wood-good
12,zipper-rough
13,screw-good
14,tile-crack
15,bottle-contamination
16,grid-glue
17,carpet-hole
18,carpet-good
19,pill-color
20,tile-rough
21,tile-rough
22,bottle-broken_large
23,screw-scratch_neck
24,pill-faulty_imprint
25,screw-good
26,pill-faulty_imprint
27,screw-thread_side
28,leather-glue
29,wood-liquid
30,screw-good
31,cable-good
32,screw-thread_side
33,zipper-fabric_interior
34,zipper-good
35,leather-good
36,leather-glue
37,cable-good
38,leather-good
39,metal_nut-flip
40,metal_nut-good
41,cable-missing_cable
42,screw-thread_side
43,capsule-faulty_imprint
44,metal_nut-flip
45,tile-crack
46,toothbrush-good
47,capsule-squeeze
48,zipper-good
49,screw-good
50,cable-good
51,transistor-good
52,hazelnut-crack
53,hazelnut-print
54,zipper-good
55,metal_nut-scratch
56,carpet-cut
57,leather-good
58,leather-good
59,capsule-good
60,transistor-bent_lead
61,pill-faulty_imprint
62,capsule-crack
63,zipper-squeezed_teeth
64,capsule-squeeze
65,leather-color
66,transistor-good
67,capsule-crack
68,pill-pill_type
69,metal_nut-color
70,grid-bent
71,wood-good
72,hazelnut-cut
73,tile-crack
74,leather-cut
75,zipper-good
76,cable-good
77,leather-glue
78,cable-good
79,cable-good
80,pill-crack
81,wood-good
82,screw-scratch_neck
83,wood-hole
84,transistor-good
85,bottle-broken_large
86,leather-good
87,carpet-hole
88,leather-good
89,zipper-fabric_interior
90,leather-good
91,zipper-good
92,cable-good
93,metal_nut-bent
94,screw-good
95,tile-oil
96,transistor-good
97,transistor-good
98,metal_nut-good
99,metal_nut-good
100,cable-good
101,carpet-good
102,pill-good
103,capsule-crack
104,wood-good
105,bottle-contamination
106,screw-scratch_neck
107,pill-contamination
108,transistor-good
109,hazelnut-print
110,leather-color
111,screw-scratch_neck
112,transistor-misplaced
113,transistor-good
114,zipper-split_teeth
115,capsule-good
116,grid-good
117,pill-good
118,capsule-crack
119,leather-glue
120,screw-good
121,carpet-thread
122,metal_nut-good
123,transistor-good
124,wood-hole
125,transistor-misplaced
126,tile-crack
127,transistor-good
128,pill-faulty_imprint
129,screw-good
130,grid-good
131,metal_nut-scratch
132,pill-crack
133,metal_nut-bent
134,capsule-good
135,grid-glue
136,screw-scratch_head
137,bottle-contamination
138,pill-good
139,wood-liquid
140,transistor-misplaced
141,hazelnut-good
142,cable-cut_inner_insulation
143,cable-good
144,zipper-good
145,hazelnut-print
146,carpet-metal_contamination
147,zipper-good
148,zipper-rough
149,wood-good
150,zipper-good
151,wood-scratch
152,transistor-cut_lead
153,pill-good
154,leather-good
155,tile-crack
156,toothbrush-good
157,tile-good
158,hazelnut-good
159,metal_nut-good
160,screw-scratch_head
161,screw-thread_side
162,screw-thread_side
163,cable-missing_wire
164,carpet-good
165,leather-fold
166,pill-good
167,wood-color
168,zipper-fabric_interior
169,cable-missing_cable
170,carpet-good
171,carpet-good
172,screw-good
173,leather-glue
174,cable-good
175,pill-crack
176,screw-good
177,zipper-split_teeth
178,capsule-good
179,zipper-good
180,leather-glue
181,grid-glue
182,bottle-good
183,cable-missing_wire
184,pill-good
185,carpet-cut
186,tile-glue_strip
187,metal_nut-good
188,wood-scratch
189,transistor-misplaced
190,pill-good
191,capsule-squeeze
192,zipper-good
193,hazelnut-cut
194,pill-good
195,screw-scratch_head
196,zipper-fabric_interior
197,screw-scratch_neck
198,zipper-good
199,hazelnut-good
200,transistor-good
201,cable-poke_insulation
202,screw-good
203,bottle-broken_small
204,pill-good
205,leather-good
206,pill-good
207,pill-good
208,hazelnut-good
209,grid-glue
210,leather-poke
211,capsule-good
212,screw-good
213,wood-good
214,pill-color
215,carpet-thread
216,capsule-faulty_imprint
217,pill-contamination
218,transistor-good
219,bottle-broken_small
220,tile-oil
221,grid-good
222,tile-crack
223,bottle-broken_small
224,capsule-squeeze
225,metal_nut-color
226,pill-good
227,leather-color
228,cable-good
229,transistor-good
230,pill-good
231,screw-good
232,zipper-combined
233,pill-crack
234,zipper-split_teeth
235,capsule-squeeze
236,transistor-good
237,metal_nut-good
238,hazelnut-crack
239,capsule-squeeze
240,metal_nut-good
241,hazelnut-hole
242,zipper-rough
243,screw-thread_side
244,wood-combined
245,leather-poke
246,tile-good
247,tile-gray_stroke
248,wood-scratch
249,cable-good
250,transistor-bent_lead
251,tile-gray_stroke
252,cable-bent_wire
253,capsule-crack
254,metal_nut-flip
255,metal_nut-good
256,metal_nut-good
257,capsule-squeeze
258,tile-rough
259,hazelnut-good
260,hazelnut-cut
261,screw-good
262,hazelnut-good
263,hazelnut-cut
264,leather-poke
265,leather-glue
266,wood-good
267,screw-good
268,metal_nut-flip
269,cable-good
270,carpet-good
271,screw-good
272,wood-hole
273,transistor-good
274,cable-good
275,capsule-good
276,pill-color
277,capsule-good
278,transistor-misplaced
279,zipper-squeezed_teeth
280,pill-color
281,leather-color
282,transistor-good
283,pill-pill_type
284,pill-good
285,screw-good
286,grid-thread
287,tile-good
288,tile-crack
289,bottle-broken_large
290,carpet-hole
291,bottle-broken_small
292,leather-fold
293,leather-cut
294,cable-good
295,zipper-squeezed_teeth
296,tile-good
297,transistor-good
298,transistor-good
299,transistor-good
300,screw-good
301,leather-good
302,zipper-split_teeth
303,transistor-good
304,screw-scratch_neck
305,pill-faulty_imprint
306,toothbrush-good
307,grid-good
308,leather-color
309,screw-good
310,screw-good
311,transistor-good
312,bottle-good
313,metal_nut-scratch
314,wood-good
315,transistor-misplaced
316,screw-thread_side
317,wood-good
318,wood-good
319,tile-good
320,cable-good
321,screw-scratch_neck
322,metal_nut-scratch
323,cable-bent_wire
324,leather-glue
325,capsule-good
326,screw-good
327,screw-good
328,pill-good
329,transistor-good
330,screw-scratch_neck
331,capsule-squeeze
332,screw-good
333,carpet-good
334,carpet-color
335,bottle-good
336,tile-good
337,metal_nut-color
338,screw-scratch_neck
339,cable-bent_wire
340,wood-good
341,screw-good
342,metal_nut-good
343,tile-good
344,screw-good
345,leather-glue
346,metal_nut-flip
347,metal_nut-scratch
348,hazelnut-good
349,pill-pill_type
350,carpet-thread
351,cable-good
352,cable-good
353,capsule-scratch
354,carpet-good
355,capsule-poke
356,cable-good
357,pill-good
358,bottle-good
359,toothbrush-defective
360,transistor-good
361,capsule-crack
362,leather-poke
363,carpet-color
364,transistor-good
365,screw-scratch_neck
366,wood-combined
367,cable-cut_inner_insulation
368,cable-good
369,leather-cut
370,hazelnut-good
371,screw-good
372,cable-good
373,bottle-good
374,hazelnut-good
375,transistor-misplaced
376,wood-hole
377,screw-good
378,capsule-faulty_imprint
379,grid-good
380,metal_nut-good
381,screw-good
382,wood-color
383,tile-glue_strip
384,capsule-good
385,grid-good
386,metal_nut-bent
387,capsule-good
388,hazelnut-cut
389,screw-good
390,leather-glue
391,metal_nut-color
392,bottle-broken_small
393,leather-cut
394,capsule-good
395,transistor-good
396,cable-good
397,bottle-contamination
398,hazelnut-print
399,tile-good
400,wood-liquid
401,tile-gray_stroke
402,transistor-good
403,zipper-fabric_border
404,bottle-contamination
405,tile-good
406,pill-contamination
407,capsule-scratch
408,leather-glue
409,pill-good
410,cable-good
411,capsule-poke
412,pill-good
413,cable-good
414,bottle-broken_large
415,transistor-good
416,leather-glue
417,transistor-good
418,hazelnut-cut
419,transistor-misplaced
420,metal_nut-scratch
421,zipper-good
422,metal_nut-bent
423,carpet-good
424,carpet-good
425,pill-crack
426,leather-good
427,tile-rough
428,leather-cut
429,transistor-damaged_case
430,bottle-broken_small
431,zipper-good
432,cable-good
433,bottle-broken_small
434,tile-crack
435,hazelnut-crack
436,wood-scratch
437,pill-faulty_imprint
438,carpet-good
439,metal_nut-bent
440,pill-color
441,tile-oil
442,transistor-good
443,screw-good
444,transistor-misplaced
445,transistor-good
446,carpet-good
447,zipper-squeezed_teeth
448,tile-crack
449,leather-fold
450,wood-hole
451,zipper-good
452,bottle-broken_large
453,carpet-good
454,tile-good
455,hazelnut-good
456,screw-thread_side
457,hazelnut-good
458,carpet-cut
459,metal_nut-flip
460,cable-good
461,carpet-good
462,screw-good
463,leather-cut
464,carpet-thread
465,capsule-faulty_imprint
466,capsule-crack
467,metal_nut-flip
468,screw-thread_side
469,metal_nut-good
470,pill-pill_type
471,metal_nut-bent
472,tile-good
473,bottle-good
474,screw-good
475,cable-good
476,wood-good
477,transistor-good
478,screw-thread_side
479,screw-good
480,pill-scratch
481,screw-good
482,carpet-metal_contamination
483,cable-good
484,screw-good
485,screw-good
486,cable-good
487,grid-good
488,hazelnut-hole
489,pill-faulty_imprint
490,carpet-hole
491,cable-combined
492,cable-cut_inner_insulation
493,screw-good
494,hazelnut-good
495,capsule-crack
496,transistor-good
497,toothbrush-defective
498,cable-cut_inner_insulation
499,zipper-split_teeth
500,screw-good
501,tile-oil
502,metal_nut-scratch
503,transistor-good
504,cable-bent_wire
505,tile-good
506,leather-good
507,wood-liquid
508,toothbrush-good
509,leather-poke
510,capsule-good
511,screw-good
512,transistor-misplaced
513,transistor-good
514,transistor-good
515,zipper-good
516,cable-good
517,metal_nut-scratch
518,leather-good
519,cable-good
520,tile-gray_stroke
521,pill-pill_type
522,wood-good
523,metal_nut-good
524,pill-good
525,zipper-rough
526,cable-bent_wire
527,leather-good
528,capsule-crack
529,carpet-cut
530,capsule-good
531,hazelnut-hole
532,hazelnut-good
533,hazelnut-hole
534,grid-good
535,screw-good
536,leather-good
537,wood-scratch
538,pill-good
539,toothbrush-defective
540,cable-good
541,wood-good
542,grid-broken
543,screw-good
544,grid-good
545,zipper-split_teeth
546,transistor-good
547,tile-crack
548,hazelnut-good
549,pill-crack
550,cable-good
551,capsule-crack
552,pill-color
553,pill-good
554,zipper-fabric_interior
555,tile-glue_strip
556,screw-good
557,capsule-squeeze
558,zipper-combined
559,screw-good
560,leather-glue
561,capsule-faulty_imprint
562,leather-good
563,carpet-metal_contamination
564,cable-good
565,hazelnut-good
566,grid-good
567,grid-good
568,hazelnut-good
569,screw-scratch_head
570,hazelnut-good
571,wood-scratch
572,hazelnut-good
573,pill-good
574,cable-missing_wire
575,wood-hole
576,zipper-split_teeth
577,leather-good
578,grid-glue
579,zipper-fabric_border
580,pill-good
581,metal_nut-bent
582,tile-good
583,carpet-cut
584,transistor-good
585,transistor-good
586,transistor-good
587,carpet-good
588,leather-good
589,transistor-good
590,screw-good
591,hazelnut-cut
592,cable-good
593,zipper-split_teeth
594,tile-rough
595,metal_nut-good
596,carpet-good
597,tile-good
598,zipper-split_teeth
599,hazelnut-good
600,leather-good
601,hazelnut-good
602,hazelnut-hole
603,cable-cut_inner_insulation
604,pill-scratch
605,cable-good
606,pill-good
607,cable-good
608,transistor-good
609,pill-faulty_imprint
610,metal_nut-bent
611,grid-metal_contamination
612,cable-good
613,leather-good
614,hazelnut-good
615,capsule-good
616,pill-good
617,zipper-split_teeth
618,carpet-thread
619,cable-bent_wire
620,cable-missing_wire
621,cable-good
622,zipper-split_teeth
623,tile-glue_strip
624,bottle-broken_large
625,carpet-hole
626,metal_nut-good
627,toothbrush-good
628,hazelnut-good
629,bottle-broken_small
630,leather-glue
631,toothbrush-defective
632,screw-good
633,screw-scratch_head
634,metal_nut-scratch
635,leather-good
636,cable-missing_wire
637,capsule-good
638,carpet-thread
639,leather-poke
640,pill-good
641,leather-fold
642,transistor-good
643,bottle-broken_large
644,carpet-good
645,zipper-combined
646,cable-good
647,leather-cut
648,capsule-good
649,zipper-split_teeth
650,wood-hole
651,hazelnut-print
652,carpet-good
653,screw-manipulated_front
654,grid-metal_contamination
655,wood-good
656,screw-good
657,capsule-crack
658,capsule-squeeze
659,leather-good
660,transistor-good
661,cable-cut_outer_insulation
662,carpet-good
663,transistor-good
664,capsule-squeeze
665,grid-good
666,transistor-cut_lead
667,hazelnut-good
668,tile-rough
669,cable-good
670,hazelnut-good
671,pill-crack
672,bottle-good
673,pill-scratch
674,pill-faulty_imprint
675,bottle-broken_large
676,wood-good
677,pill-crack
678,cable-good
679,tile-good
680,leather-good
681,leather-fold
682,tile-oil
683,pill-good
684,cable-cut_outer_insulation
685,tile-good
686,tile-crack
687,hazelnut-good
688,grid-good
689,leather-good
690,metal_nut-bent
691,cable-missing_cable
692,screw-manipulated_front
693,pill-color
694,grid-glue
695,cable-good
696,hazelnut-good
697,zipper-rough
698,tile-good
699,bottle-contamination
700,cable-missing_cable
701,leather-poke
702,hazelnut-cut
703,screw-good
704,bottle-broken_small
705,carpet-good
706,screw-good
707,transistor-damaged_case
708,cable-cut_outer_insulation
709,wood-good
710,pill-crack
711,pill-good
712,screw-scratch_neck
713,grid-thread
714,carpet-thread
715,wood-scratch
716,carpet-good
717,leather-good
718,hazelnut-good
719,zipper-split_teeth
720,capsule-squeeze
721,transistor-good
722,screw-manipulated_front
723,transistor-misplaced
724,zipper-fabric_border
725,transistor-good
726,pill-contamination
727,hazelnut-good
728,pill-good
729,cable-bent_wire
730,hazelnut-good
731,bottle-good
732,pill-good
733,pill-contamination
734,hazelnut-good
735,metal_nut-good
736,carpet-good
737,pill-good
738,capsule-faulty_imprint
739,wood-scratch
740,hazelnut-good
741,carpet-thread
742,pill-color
743,pill-good
744,tile-good
745,carpet-good
746,bottle-good
747,pill-good
748,pill-scratch
749,capsule-poke
750,metal_nut-good
751,cable-good
752,metal_nut-flip
753,transistor-good
754,capsule-faulty_imprint
755,tile-oil
756,zipper-split_teeth
757,bottle-good
758,pill-good
759,capsule-good
760,screw-good
761,hazelnut-hole
762,cable-missing_cable
763,pill-crack
764,bottle-good
765,capsule-good
766,grid-bent
767,zipper-fabric_border
768,metal_nut-good
769,pill-color
770,wood-color
771,carpet-metal_contamination
772,wood-scratch
773,zipper-fabric_interior
774,hazelnut-hole
775,screw-thread_side
776,pill-color
777,screw-good
778,bottle-broken_large
779,capsule-good
780,transistor-good
781,leather-color
782,screw-good
783,wood-combined
784,cable-good
785,leather-good
786,toothbrush-defective
787,toothbrush-good
788,screw-scratch_head
789,cable-cut_outer_insulation
790,zipper-rough
791,carpet-good
792,toothbrush-defective
793,toothbrush-good
794,zipper-good
795,hazelnut-crack
796,transistor-good
797,zipper-rough
798,screw-good
799,pill-good
800,zipper-squeezed_teeth
801,hazelnut-crack
802,tile-crack
803,metal_nut-color
804,tile-gray_stroke
805,wood-good
806,pill-good
807,bottle-broken_small
808,leather-glue
809,zipper-split_teeth
810,cable-good
811,capsule-faulty_imprint
812,capsule-faulty_imprint
813,grid-bent
814,toothbrush-good
815,wood-good
816,screw-good
817,bottle-contamination
818,tile-crack
819,screw-good
820,pill-crack
821,hazelnut-print
822,cable-good
823,metal_nut-good
824,screw-good
825,cable-good
826,capsule-good
827,cable-good
828,hazelnut-crack
829,transistor-good
830,leather-good
831,grid-broken
832,cable-good
833,capsule-faulty_imprint
834,zipper-good
835,tile-good
836,capsule-squeeze
837,screw-scratch_head
838,carpet-good
839,pill-good
840,hazelnut-hole
841,bottle-broken_large
842,screw-good
843,screw-good
844,tile-crack
845,transistor-good
846,leather-color
847,bottle-contamination
848,tile-oil
849,capsule-squeeze
850,tile-oil
851,wood-liquid
852,screw-good
853,capsule-faulty_imprint
854,transistor-good
855,capsule-poke
856,zipper-broken_teeth
857,hazelnut-cut
858,transistor-good
859,screw-scratch_neck
860,cable-good
861,hazelnut-good
862,metal_nut-good
863,screw-good
864,carpet-cut
865,transistor-good
866,toothbrush-defective
867,cable-cut_outer_insulation
868,zipper-good
869,cable-good
870,carpet-good
871,leather-cut
872,pill-good
873,pill-good
874,pill-color
875,carpet-good
876,screw-thread_side
877,wood-hole
878,leather-fold
879,leather-glue
880,hazelnut-good
881,grid-metal_contamination
882,capsule-squeeze
883,capsule-poke
884,transistor-good
885,tile-crack
886,screw-scratch_neck
887,pill-color
888,leather-good
889,metal_nut-flip
890,transistor-bent_lead
891,zipper-good
892,leather-glue
893,cable-cable_swap
894,leather-cut
895,screw-good
896,pill-scratch
897,screw-good
898,cable-poke_insulation
899,carpet-good
900,transistor-misplaced
901,leather-good
902,screw-good
903,pill-good
904,capsule-faulty_imprint
905,screw-scratch_neck
906,leather-good
907,capsule-good
908,screw-good
909,metal_nut-good
910,tile-glue_strip
911,pill-good
912,zipper-combined
913,capsule-squeeze
914,leather-glue
915,screw-thread_top
916,metal_nut-flip
917,screw-thread_side
918,tile-oil
919,transistor-misplaced
920,hazelnut-good
921,screw-good
922,tile-rough
923,zipper-good
924,metal_nut-flip
925,leather-glue
926,cable-bent_wire
927,toothbrush-good
928,cable-good
929,toothbrush-good
930,tile-good
931,cable-good
932,capsule-squeeze
933,metal_nut-good
934,capsule-good
935,pill-good
936,tile-oil
937,leather-poke
938,leather-good
939,leather-glue
940,carpet-thread
941,leather-good
942,screw-scratch_neck
943,screw-manipulated_front
944,bottle-good
945,leather-good
946,leather-glue
947,capsule-faulty_imprint
948,zipper-split_teeth
949,hazelnut-hole
950,capsule-faulty_imprint
951,metal_nut-scratch
952,tile-good
953,grid-good
954,screw-good
955,carpet-thread
956,capsule-good
957,transistor-good
958,capsule-squeeze
959,wood-hole
960,zipper-good
961,screw-good
962,pill-crack
963,hazelnut-hole
964,hazelnut-good
965,cable-missing_wire
966,screw-scratch_head
967,hazelnut-print
968,cable-good
969,hazelnut-good
970,carpet-good
971,carpet-good
972,bottle-broken_small
973,cable-good
974,hazelnut-good
975,tile-crack
976,pill-pill_type
977,leather-good
978,screw-good
979,screw-good
980,leather-glue
981,leather-good
982,screw-scratch_neck
983,transistor-good
984,pill-scratch
985,capsule-squeeze
986,grid-good
987,metal_nut-good
988,screw-good
989,screw-good
990,pill-color
991,screw-scratch_neck
992,capsule-good
993,cable-missing_wire
994,cable-good
995,bottle-good
996,zipper-fabric_border
997,bottle-good
998,leather-fold
999,screw-good
1000,leather-good
1001,capsule-squeeze
1002,leather-glue
1003,metal_nut-color
1004,wood-good
1005,tile-good
1006,cable-missing_wire
1007,capsule-squeeze
1008,tile-good
1009,screw-thread_side
1010,zipper-good
1011,pill-faulty_imprint
1012,tile-crack
1013,cable-good
1014,leather-good
1015,screw-scratch_neck
1016,pill-crack
1017,zipper-squeezed_teeth
1018,hazelnut-crack
1019,pill-contamination
1020,screw-thread_top
1021,tile-rough
1022,pill-good
1023,metal_nut-bent
1024,hazelnut-print
1025,cable-good
1026,metal_nut-color
1027,pill-good
1028,cable-good
1029,zipper-split_teeth
1030,leather-poke
1031,transistor-good
1032,tile-rough
1033,metal_nut-flip
1034,capsule-scratch
1035,screw-good
1036,pill-good
1037,capsule-good
1038,hazelnut-good
1039,capsule-good
1040,metal_nut-good
1041,tile-glue_strip
1042,transistor-good
1043,transistor-good
1044,carpet-good
1045,screw-good
1046,transistor-good
1047,grid-metal_contamination
1048,cable-good
1049,transistor-good
1050,cable-good
1051,carpet-good
1052,wood-color
1053,zipper-fabric_border
1054,toothbrush-good
1055,capsule-good
1056,cable-good
1057,capsule-good
1058,zipper-fabric_border
1059,grid-good
1060,zipper-good
1061,leather-good
1062,cable-good
1063,screw-thread_side
1064,hazelnut-good
1065,metal_nut-bent
1066,carpet-thread
1067,metal_nut-bent
1068,carpet-hole
1069,tile-good
1070,transistor-good
1071,pill-contamination
1072,leather-good
1073,capsule-good
1074,screw-good
1075,zipper-split_teeth
1076,wood-hole
1077,screw-good
1078,bottle-good
1079,tile-glue_strip
1080,transistor-good
1081,capsule-faulty_imprint
1082,tile-crack
1083,pill-good
1084,transistor-cut_lead
1085,bottle-good
1086,bottle-broken_small
1087,leather-glue
1088,tile-crack
1089,pill-color
1090,grid-good
1091,pill-good
1092,zipper-good
1093,leather-glue
1094,hazelnut-good
1095,metal_nut-good
1096,hazelnut-print
1097,wood-scratch
1098,transistor-damaged_case
1099,wood-scratch
1100,cable-bent_wire
1101,zipper-good
1102,leather-poke
1103,bottle-good
1104,tile-glue_strip
1105,carpet-metal_contamination
1106,zipper-combined
1107,leather-good
1108,transistor-good
1109,capsule-good
1110,tile-crack
1111,transistor-good
1112,wood-liquid
1113,metal_nut-good
1114,bottle-good
1115,carpet-good
1116,cable-cut_outer_insulation
1117,cable-good
1118,metal_nut-good
1119,transistor-good
1120,metal_nut-scratch
1121,tile-good
1122,pill-contamination
1123,pill-good
1124,tile-crack
1125,tile-rough
1126,wood-good
1127,screw-thread_side
1128,hazelnut-good
1129,carpet-good
1130,transistor-good
1131,cable-good
1132,cable-good
1133,toothbrush-defective
1134,screw-thread_side
1135,transistor-misplaced
1136,leather-good
1137,hazelnut-good
1138,cable-bent_wire
1139,wood-combined
1140,zipper-combined
1141,tile-crack
1142,capsule-poke
1143,hazelnut-good
1144,hazelnut-good
1145,cable-cut_inner_insulation
1146,hazelnut-cut
1147,tile-good
1148,screw-good
1149,grid-broken
1150,transistor-good
1151,tile-glue_strip
1152,cable-good
1153,bottle-broken_small
1154,zipper-split_teeth
1155,zipper-fabric_interior
1156,leather-cut
1157,screw-thread_side
1158,pill-good
1159,zipper-fabric_border
1160,transistor-good
1161,bottle-contamination
1162,transistor-misplaced
1163,cable-good
1164,capsule-good
1165,screw-good
1166,leather-poke
1167,capsule-good
1168,transistor-good
1169,cable-good
1170,zipper-good
1171,cable-good
1172,wood-good
1173,screw-good
1174,tile-oil
1175,pill-faulty_imprint
1176,leather-poke
1177,grid-good
1178,grid-bent
1179,transistor-misplaced
1180,leather-glue
1181,tile-crack
1182,grid-good
1183,bottle-broken_small
1184,toothbrush-defective
1185,carpet-thread
1186,bottle-good
1187,bottle-contamination
1188,hazelnut-print
1189,tile-crack
1190,cable-bent_wire
1191,capsule-good
1192,capsule-squeeze
1193,transistor-good
1194,hazelnut-cut
1195,bottle-good
1196,wood-good
1197,grid-bent
1198,toothbrush-defective
1199,hazelnut-hole
1200,screw-good
1201,carpet-good
1202,zipper-split_teeth
1203,bottle-broken_small
1204,cable-good
1205,metal_nut-bent
1206,bottle-contamination
1207,metal_nut-flip
1208,bottle-good
1209,screw-good
1210,leather-good
1211,cable-good
1212,zipper-fabric_interior
1213,leather-glue
1214,wood-scratch
1215,cable-good
1216,capsule-squeeze
1217,zipper-good
1218,bottle-broken_small
1219,bottle-good
1220,pill-crack
1221,metal_nut-bent
1222,pill-good
1223,capsule-crack
1224,cable-combined
1225,cable-good
1226,capsule-squeeze
1227,cable-good
1228,grid-bent
1229,toothbrush-defective
1230,pill-good
1231,carpet-hole
1232,pill-scratch
1233,transistor-good
1234,zipper-fabric_border
1235,tile-oil
1236,grid-broken
1237,tile-glue_strip
1238,capsule-faulty_imprint
1239,leather-good
1240,pill-good
1241,toothbrush-good
1242,screw-good
1243,transistor-good
1244,zipper-good
1245,carpet-metal_contamination
1246,cable-good
1247,cable-good
1248,transistor-good
1249,zipper-squeezed_teeth
1250,tile-oil
1251,screw-good
1252,screw-good
1253,carpet-good
1254,wood-good
1255,screw-scratch_neck
1256,leather-glue
1257,transistor-cut_lead
1258,leather-glue
1259,cable-good
1260,screw-scratch_neck
1261,pill-good
1262,toothbrush-good
1263,bottle-good
1264,transistor-good
1265,pill-scratch
1266,cable-good
1267,tile-crack
1268,capsule-squeeze
1269,tile-good
1270,zipper-split_teeth
1271,hazelnut-print
1272,leather-cut
1273,pill-good
1274,leather-good
1275,pill-color
1276,metal_nut-good
1277,grid-bent
1278,transistor-good
1279,metal_nut-good
1280,metal_nut-color
1281,bottle-contamination
1282,zipper-good
1283,leather-glue
1284,pill-good
1285,leather-color
1286,zipper-good
1287,tile-rough
1288,hazelnut-good
1289,hazelnut-crack
1290,pill-color
1291,cable-cut_inner_insulation
1292,leather-fold
1293,hazelnut-good
1294,pill-good
1295,cable-poke_insulation
1296,tile-oil
1297,leather-glue
1298,zipper-fabric_border
1299,hazelnut-print
1300,tile-good
1301,capsule-squeeze
1302,carpet-good
1303,cable-good
1304,hazelnut-good
1305,tile-glue_strip
1306,carpet-thread
1307,hazelnut-good
1308,transistor-good
1309,cable-good
1310,bottle-good
1311,grid-good
1312,zipper-squeezed_teeth
1313,screw-scratch_head
1314,zipper-fabric_border
1315,capsule-good
1316,carpet-metal_contamination
1317,screw-good
1318,transistor-good
1319,pill-good
1320,zipper-rough
1321,transistor-good
1322,capsule-faulty_imprint
1323,metal_nut-good
1324,toothbrush-good
1325,carpet-good
1326,hazelnut-print
1327,bottle-good
1328,screw-good
1329,transistor-good
1330,transistor-misplaced
1331,grid-good
1332,metal_nut-good
1333,tile-gray_stroke
1334,carpet-good
1335,cable-good
1336,tile-rough
1337,grid-good
1338,metal_nut-good
1339,metal_nut-good
1340,hazelnut-good
1341,cable-good
1342,hazelnut-crack
1343,grid-good
1344,hazelnut-hole
1345,tile-good
1346,hazelnut-good
1347,cable-missing_wire
1348,transistor-good
1349,tile-good
1350,zipper-split_teeth
1351,tile-crack
1352,screw-good
1353,transistor-good
1354,transistor-good
1355,metal_nut-good
1356,bottle-broken_large
1357,wood-liquid
1358,pill-pill_type
1359,screw-scratch_head
1360,zipper-rough
1361,leather-poke
1362,tile-crack
1363,transistor-good
1364,cable-good
1365,metal_nut-scratch
1366,transistor-good
1367,transistor-good
1368,hazelnut-good
1369,toothbrush-good
1370,pill-faulty_imprint
1371,screw-good
1372,cable-cut_inner_insulation
1373,zipper-good
1374,tile-good
1375,hazelnut-good
1376,capsule-scratch
1377,tile-rough
1378,hazelnut-good
1379,hazelnut-good
1380,transistor-good
1381,toothbrush-good
1382,leather-cut
1383,leather-good
1384,metal_nut-scratch
1385,leather-good
1386,carpet-thread
1387,carpet-good
1388,screw-good
1389,screw-good
1390,leather-good
1391,hazelnut-hole
1392,hazelnut-good
1393,hazelnut-good
1394,cable-good
1395,capsule-crack
1396,leather-good
1397,carpet-good
1398,zipper-good
1399,cable-good
1400,tile-good
1401,grid-glue
1402,cable-good
1403,hazelnut-print
1404,metal_nut-scratch
1405,hazelnut-good
1406,metal_nut-color
1407,pill-good
1408,cable-good
1409,pill-crack
1410,carpet-cut
1411,cable-missing_cable
1412,metal_nut-good
1413,capsule-faulty_imprint
1414,cable-good
1415,toothbrush-good
1416,bottle-good
1417,capsule-squeeze
1418,zipper-fabric_interior
1419,cable-good
1420,cable-good
1421,carpet-good
1422,cable-good
1423,metal_nut-scratch
1424,tile-crack
1425,cable-poke_insulation
1426,screw-scratch_neck
1427,transistor-good
1428,tile-good
1429,zipper-good
1430,cable-good
1431,toothbrush-defective
1432,grid-good
1433,metal_nut-flip
1434,screw-manipulated_front
1435,pill-color
1436,zipper-broken_teeth
1437,metal_nut-scratch
1438,toothbrush-defective
1439,carpet-thread
1440,pill-crack
1441,pill-good
1442,screw-good
1443,capsule-good
1444,cable-missing_cable
1445,hazelnut-hole
1446,carpet-hole
1447,tile-oil
1448,tile-glue_strip
1449,transistor-misplaced
1450,hazelnut-cut
1451,hazelnut-good
1452,carpet-metal_contamination
1453,capsule-good
1454,pill-good
1455,zipper-split_teeth
1456,grid-good
1457,cable-good
1458,grid-broken
1459,carpet-metal_contamination
1460,hazelnut-good
1461,transistor-cut_lead
1462,grid-good
1463,leather-good
1464,carpet-thread
1465,leather-poke
1466,hazelnut-good
1467,zipper-split_teeth
1468,transistor-misplaced
1469,bottle-contamination
1470,transistor-good
1471,leather-good
1472,pill-color
1473,bottle-good
1474,toothbrush-defective
1475,pill-color
1476,screw-good
1477,bottle-broken_small
1478,cable-cut_outer_insulation
1479,wood-scratch
1480,toothbrush-defective
1481,pill-good
1482,grid-good
1483,metal_nut-flip
1484,transistor-good
1485,hazelnut-good
1486,zipper-fabric_interior
1487,hazelnut-cut
1488,tile-good
1489,metal_nut-flip
1490,metal_nut-bent
1491,leather-good
1492,capsule-faulty_imprint
1493,tile-good
1494,screw-thread_side
1495,hazelnut-crack
1496,leather-glue
1497,cable-good
1498,leather-cut
1499,pill-good
1500,pill-faulty_imprint
1501,pill-good
1502,leather-glue
1503,metal_nut-flip
1504,zipper-split_teeth
1505,zipper-rough
1506,metal_nut-scratch
1507,zipper-rough
1508,hazelnut-crack
1509,leather-good
1510,cable-good
1511,cable-good
1512,pill-good
1513,bottle-good
1514,capsule-poke
1515,tile-good
1516,screw-good
1517,capsule-good
1518,carpet-metal_contamination
1519,bottle-good
1520,transistor-damaged_case
1521,metal_nut-good
1522,pill-color
1523,capsule-good
1524,hazelnut-good
1525,pill-crack
1526,tile-gray_stroke
1527,cable-good
1528,grid-broken
1529,cable-cut_inner_insulation
1530,tile-rough
1531,carpet-good
1532,grid-bent
1533,carpet-cut
1534,pill-good
1535,screw-scratch_neck
1536,metal_nut-bent
1537,carpet-good
1538,zipper-split_teeth
1539,grid-good
1540,wood-good
1541,metal_nut-bent
1542,tile-crack
1543,metal_nut-flip
1544,tile-good
1545,transistor-good
1546,hazelnut-cut
1547,bottle-good
1548,screw-scratch_neck
1549,leather-cut
1550,leather-good
1551,transistor-damaged_case
1552,leather-glue
1553,leather-good
1554,pill-good
1555,capsule-good
1556,transistor-good
1557,transistor-good
1558,leather-glue
1559,wood-good
1560,leather-glue
1561,screw-good
1562,bottle-good
1563,leather-good
1564,toothbrush-good
1565,leather-good
1566,wood-combined
1567,grid-good
1568,pill-scratch
1569,hazelnut-good
1570,pill-good
1571,carpet-good
1572,tile-gray_stroke
1573,pill-good
1574,pill-crack
1575,toothbrush-good
1576,capsule-squeeze
1577,transistor-misplaced
1578,zipper-combined
1579,metal_nut-good
1580,cable-good
1581,hazelnut-good
1582,tile-crack
1583,leather-poke
1584,leather-glue
1585,cable-bent_wire
1586,wood-good
1587,bottle-good
1588,bottle-broken_large
1589,cable-good
1590,capsule-good
1591,leather-good
1592,pill-good
1593,transistor-good
1594,carpet-cut
1595,leather-fold
1596,leather-glue
1597,carpet-good
1598,capsule-good
1599,screw-scratch_neck
1600,transistor-good
1601,pill-good
1602,screw-good
1603,grid-good
1604,capsule-good
1605,tile-crack
1606,carpet-metal_contamination
1607,hazelnut-good
1608,leather-fold
1609,bottle-broken_small
1610,toothbrush-defective
1611,leather-good
1612,zipper-rough
1613,wood-good
1614,hazelnut-good
1615,wood-color
1616,metal_nut-good
1617,cable-cut_inner_insulation
1618,hazelnut-good
1619,transistor-misplaced
1620,capsule-good
1621,tile-rough
1622,hazelnut-print
1623,wood-liquid
1624,zipper-squeezed_teeth
1625,cable-missing_cable
1626,pill-faulty_imprint
1627,cable-good
1628,bottle-good
1629,zipper-fabric_border
1630,transistor-good
1631,zipper-split_teeth
1632,grid-good
1633,tile-crack
1634,zipper-split_teeth
1635,capsule-squeeze
1636,cable-good
1637,metal_nut-good
1638,cable-good
1639,pill-scratch
1640,carpet-hole
1641,capsule-squeeze
1642,leather-color
1643,grid-thread
1644,transistor-good
1645,metal_nut-scratch
1646,pill-color
1647,tile-good
1648,carpet-hole
1649,grid-good
1650,bottle-broken_large
1651,pill-good
1652,grid-glue
1653,zipper-good
1654,bottle-good
1655,hazelnut-good
1656,zipper-good
1657,carpet-metal_contamination
1658,grid-bent
1659,carpet-good
1660,screw-scratch_head
1661,metal_nut-color
1662,capsule-crack
1663,transistor-good
1664,screw-manipulated_front
1665,zipper-split_teeth
1666,grid-bent
1667,toothbrush-defective
1668,screw-scratch_head
1669,tile-crack
1670,tile-oil
1671,hazelnut-cut
1672,screw-manipulated_front
1673,toothbrush-good
1674,cable-missing_cable
1675,bottle-broken_large
1676,bottle-broken_large
1677,metal_nut-flip
1678,transistor-good
1679,zipper-good
1680,bottle-good
1681,capsule-good
1682,transistor-misplaced
1683,screw-scratch_head
1684,metal_nut-color
1685,cable-good
1686,capsule-scratch
1687,capsule-poke
1688,carpet-thread
1689,pill-color
1690,screw-thread_top
1691,capsule-poke
1692,transistor-good
1693,metal_nut-good
1694,grid-broken
1695,cable-good
1696,cable-good
1697,cable-good
1698,bottle-good
1699,screw-scratch_head
1700,toothbrush-good
1701,carpet-hole
1702,toothbrush-good
1703,carpet-thread
1704,leather-good
1705,capsule-poke
1706,screw-good
1707,cable-cut_inner_insulation
1708,toothbrush-defective
1709,bottle-broken_large
1710,leather-color
1711,screw-good
1712,carpet-cut
1713,bottle-broken_small
1714,cable-bent_wire
1715,carpet-color
1716,screw-thread_top
1717,leather-poke
1718,cable-good
1719,grid-broken
1720,tile-gray_stroke
1721,hazelnut-good
1722,hazelnut-hole
1723,metal_nut-scratch
1724,transistor-misplaced
1725,transistor-good
1726,cable-missing_wire
1727,grid-bent
1728,leather-good
1729,transistor-good
1730,leather-poke
1731,hazelnut-good
1732,metal_nut-good
1733,hazelnut-print
1734,cable-good
1735,screw-good
1736,metal_nut-flip
1737,transistor-bent_lead
1738,zipper-good
1739,leather-fold
1740,hazelnut-good
1741,grid-good
1742,pill-scratch
1743,capsule-good
1744,carpet-thread
1745,toothbrush-good
1746,carpet-good
1747,capsule-good
1748,carpet-good
1749,wood-scratch
1750,carpet-thread
1751,bottle-good
1752,cable-missing_cable
1753,hazelnut-hole
1754,hazelnut-hole
1755,carpet-good
1756,screw-good
1757,cable-good
1758,tile-good
1759,leather-good
1760,wood-hole
1761,pill-scratch
1762,tile-good
1763,capsule-faulty_imprint
1764,grid-good
1765,screw-good
1766,bottle-broken_large
1767,transistor-good
1768,toothbrush-good
1769,zipper-fabric_interior
1770,carpet-good
1771,wood-scratch
1772,capsule-squeeze
1773,screw-scratch_head
1774,cable-good
1775,metal_nut-color
1776,capsule-good
1777,transistor-good
1778,bottle-broken_large
1779,capsule-good
1780,screw-good
1781,pill-crack
1782,carpet-good
1783,cable-good
1784,screw-good
1785,pill-good
1786,zipper-good
1787,hazelnut-good
1788,pill-good
1789,bottle-broken_small
1790,toothbrush-good
1791,zipper-good
1792,capsule-poke
1793,zipper-good
1794,capsule-crack
1795,screw-scratch_neck
1796,toothbrush-defective
1797,cable-good
1798,grid-good
1799,zipper-good
1800,cable-good
1801,bottle-good
1802,pill-good
1803,screw-thread_side
1804,zipper-combined
1805,screw-thread_side
1806,grid-glue
1807,metal_nut-scratch
1808,leather-color
1809,zipper-fabric_border
1810,zipper-split_teeth
1811,zipper-rough
1812,tile-good
1813,tile-crack
1814,carpet-cut
1815,tile-good
1816,pill-good
1817,carpet-cut
1818,zipper-split_teeth
1819,tile-good
1820,toothbrush-good
1821,cable-good
1822,metal_nut-scratch
1823,leather-color
1824,tile-crack
1825,bottle-good
1826,hazelnut-hole
1827,grid-good
1828,zipper-fabric_border
1829,tile-oil
1830,zipper-fabric_border
1831,carpet-cut
1832,pill-contamination
1833,carpet-metal_contamination
1834,leather-good
1835,screw-scratch_head
1836,metal_nut-good
1837,cable-missing_cable
1838,grid-good
1839,cable-cut_outer_insulation
1840,pill-crack
1841,metal_nut-good
1842,pill-pill_type
1843,transistor-good
1844,screw-good
1845,screw-thread_side
1846,leather-cut
1847,pill-color
1848,pill-color
1849,zipper-good
1850,transistor-good
1851,tile-rough
1852,leather-good
1853,cable-cut_inner_insulation
1854,toothbrush-defective
1855,wood-hole
1856,pill-good
1857,capsule-scratch
1858,wood-good
1859,cable-good
1860,grid-broken
1861,screw-thread_side
1862,grid-metal_contamination
1863,leather-good
1864,zipper-rough
1865,zipper-fabric_interior
1866,carpet-good
1867,hazelnut-print
1868,carpet-thread
1869,leather-good
1870,capsule-faulty_imprint
1871,zipper-good
1872,leather-good
1873,carpet-color
1874,carpet-metal_contamination
1875,screw-manipulated_front
1876,cable-good
1877,wood-scratch
1878,leather-good
1879,tile-crack
1880,capsule-crack
1881,capsule-crack
1882,screw-good
1883,zipper-squeezed_teeth
1884,zipper-broken_teeth
1885,cable-good
1886,screw-good
1887,toothbrush-defective
1888,tile-good
1889,capsule-crack
1890,capsule-squeeze
1891,leather-cut
1892,grid-good
1893,cable-good
1894,tile-glue_strip
1895,leather-good
1896,transistor-good
1897,carpet-good
1898,wood-scratch
1899,grid-metal_contamination
1900,pill-good
1901,transistor-good
1902,hazelnut-cut
1903,transistor-good
1904,cable-bent_wire
1905,screw-good
1906,transistor-good
1907,tile-rough
1908,bottle-good
1909,pill-crack
1910,zipper-good
1911,tile-crack
1912,wood-liquid
1913,hazelnut-good
1914,metal_nut-good
1915,toothbrush-good
1916,screw-good
1917,leather-poke
1918,zipper-fabric_interior
1919,toothbrush-good
1920,cable-good
1921,metal_nut-scratch
1922,capsule-squeeze
1923,transistor-misplaced
1924,cable-good
1925,grid-good
1926,leather-fold
1927,pill-scratch
1928,bottle-good
1929,screw-good
1930,transistor-good
1931,metal_nut-scratch
1932,cable-good
1933,carpet-color
1934,metal_nut-good
1935,wood-liquid
1936,pill-good
1937,tile-good
1938,leather-fold
1939,bottle-good
1940,hazelnut-good
1941,leather-glue
1942,wood-scratch
1943,grid-broken
1944,cable-combined
1945,screw-good
1946,pill-good
1947,metal_nut-good
1948,leather-glue
1949,capsule-faulty_imprint
1950,cable-combined
1951,tile-crack
1952,toothbrush-good
1953,zipper-fabric_interior
1954,toothbrush-defective
1955,screw-good
1956,pill-faulty_imprint
1957,pill-scratch
1958,metal_nut-bent
1959,hazelnut-hole
1960,carpet-good
1961,wood-good
1962,leather-good
1963,wood-scratch
1964,screw-good
1965,wood-good
1966,zipper-good
1967,bottle-contamination
1968,cable-bent_wire
1969,grid-metal_contamination
1970,transistor-good
1971,leather-poke
1972,tile-good
1973,leather-poke
1974,pill-scratch
1975,tile-good
1976,cable-good
1977,hazelnut-good
1978,leather-good
1979,metal_nut-color
1980,zipper-rough
1981,metal_nut-flip
1982,pill-good
1983,tile-gray_stroke
1984,hazelnut-good
1985,leather-color
1986,pill-good
1987,metal_nut-good
1988,cable-good
1989,carpet-good
1990,zipper-squeezed_teeth
1991,cable-good
1992,cable-cut_outer_insulation
1993,transistor-good
1994,bottle-good
1995,capsule-crack
1996,carpet-metal_contamination
1997,tile-rough
1998,zipper-good
1999,screw-thread_side
2000,screw-good
2001,bottle-broken_large
2002,carpet-metal_contamination
2003,bottle-good
2004,pill-crack
2005,screw-scratch_neck
2006,cable-good
2007,screw-scratch_neck
2008,zipper-split_teeth
2009,grid-thread
2010,bottle-broken_small
2011,metal_nut-bent
2012,metal_nut-good
2013,carpet-good
2014,capsule-squeeze
2015,screw-good
2016,metal_nut-bent
2017,screw-good
2018,wood-hole
2019,carpet-good
2020,hazelnut-crack
2021,transistor-good
2022,zipper-split_teeth
2023,hazelnut-good
2024,capsule-good
2025,transistor-good
2026,capsule-faulty_imprint
2027,capsule-crack
2028,wood-combined
2029,leather-poke
2030,grid-good
2031,screw-scratch_neck
2032,screw-manipulated_front
2033,metal_nut-flip
2034,screw-scratch_head
2035,cable-cut_inner_insulation
2036,hazelnut-good
2037,metal_nut-good
2038,tile-good
2039,grid-good
2040,carpet-good
2041,metal_nut-bent
2042,screw-good
2043,tile-gray_stroke
2044,pill-good
2045,screw-good
2046,grid-thread
2047,cable-missing_cable
2048,cable-good
2049,pill-good
2050,capsule-faulty_imprint
2051,leather-poke
2052,zipper-fabric_interior
2053,transistor-good
2054,screw-good
2055,screw-scratch_neck
2056,cable-cut_inner_insulation
2057,zipper-fabric_border
2058,tile-glue_strip
2059,leather-good
2060,screw-good
2061,transistor-good
2062,metal_nut-good
2063,leather-good
2064,metal_nut-color
2065,zipper-good
2066,capsule-faulty_imprint
2067,hazelnut-cut
2068,grid-metal_contamination
2069,pill-color
2070,zipper-squeezed_teeth
2071,zipper-good
2072,bottle-broken_large
2073,carpet-hole
2074,screw-good
2075,carpet-metal_contamination
2076,capsule-faulty_imprint
2077,screw-good
2078,pill-color
2079,grid-good
2080,cable-good
2081,grid-good
2082,bottle-good
2083,pill-good
2084,hazelnut-good
2085,zipper-squeezed_teeth
2086,transistor-damaged_case
2087,hazelnut-good
2088,screw-scratch_head
2089,capsule-good
2090,capsule-crack
2091,carpet-good
2092,pill-contamination
2093,tile-crack
2094,cable-good
2095,pill-color
2096,transistor-misplaced
2097,pill-color
2098,metal_nut-good
2099,pill-good
2100,tile-good
2101,cable-good
2102,screw-thread_side
2103,transistor-good
2104,cable-bent_wire
2105,capsule-good
2106,metal_nut-good
2107,leather-glue
2108,metal_nut-good
2109,hazelnut-good
2110,carpet-color
2111,cable-bent_wire
2112,pill-good
2113,leather-good
2114,leather-color
2115,screw-good
2116,capsule-squeeze
2117,screw-thread_top
2118,cable-good
2119,pill-good
2120,screw-manipulated_front
2121,transistor-good
2122,hazelnut-print
2123,tile-good
2124,leather-good
2125,capsule-squeeze
2126,bottle-broken_small
2127,screw-good
2128,wood-good
2129,tile-rough
2130,grid-bent
2131,pill-color
2132,grid-bent
2133,grid-thread
2134,metal_nut-good
2135,grid-good
2136,carpet-good
2137,toothbrush-good
2138,pill-faulty_imprint
2139,wood-hole
2140,zipper-split_teeth
2141,leather-good
2142,toothbrush-good
2143,toothbrush-good
2144,tile-good
2145,metal_nut-scratch
2146,cable-good
2147,grid-broken
2148,cable-good
2149,tile-gray_stroke
2150,screw-good
2151,grid-good
2152,cable-good
2153,zipper-good
